onset	duration	trial_type	value	sample
0.0	6.8	left_hand	2	0
7.8125	0.0	EDGE boundary	1	4000
7.8125	6.8	left_hand	2	4000
15.625	0.0	EDGE boundary	1	8000
15.625	6.8	left_hand	2	8000
23.4375	0.0	EDGE boundary	1	12000
23.4375	6.8	left_hand	2	12000
31.25	0.0	EDGE boundary	1	16000
31.25	6.8	left_hand	2	16000
39.0625	0.0	EDGE boundary	1	20000
39.0625	6.8	left_hand	2	20000
46.875	0.0	EDGE boundary	1	24000
46.875	6.8	left_hand	2	24000
54.6875	0.0	EDGE boundary	1	28000
54.6875	6.8	left_hand	2	28000
62.5	0.0	EDGE boundary	1	32000
62.5	6.8	left_hand	2	32000
70.3125	0.0	EDGE boundary	1	36000
70.3125	6.8	left_hand	2	36000
78.125	0.0	EDGE boundary	1	40000
78.125	6.8	left_hand	2	40000
85.9375	0.0	EDGE boundary	1	44000
85.9375	6.8	left_hand	2	44000
93.75	0.0	EDGE boundary	1	48000
93.75	6.8	left_hand	2	48000
101.5625	0.0	EDGE boundary	1	52000
101.5625	6.8	left_hand	2	52000
109.375	0.0	EDGE boundary	1	56000
109.375	6.8	left_hand	2	56000
117.1875	0.0	EDGE boundary	1	60000
117.1875	6.8	left_hand	2	60000
125.0	0.0	EDGE boundary	1	64000
125.0	6.8	left_hand	2	64000
132.8125	0.0	EDGE boundary	1	68000
132.8125	6.8	left_hand	2	68000
140.625	0.0	EDGE boundary	1	72000
140.625	6.8	left_hand	2	72000
148.4375	0.0	EDGE boundary	1	76000
148.4375	6.8	left_hand	2	76000
156.25	0.0	EDGE boundary	1	80000
156.25	6.8	right_hand	3	80000
164.0625	0.0	EDGE boundary	1	84000
164.0625	6.8	right_hand	3	84000
171.875	0.0	EDGE boundary	1	88000
171.875	6.8	right_hand	3	88000
179.6875	0.0	EDGE boundary	1	92000
179.6875	6.8	right_hand	3	92000
187.5	0.0	EDGE boundary	1	96000
187.5	6.8	right_hand	3	96000
195.3125	0.0	EDGE boundary	1	100000
195.3125	6.8	right_hand	3	100000
203.125	0.0	EDGE boundary	1	104000
203.125	6.8	right_hand	3	104000
210.9375	0.0	EDGE boundary	1	108000
210.9375	6.8	right_hand	3	108000
218.75	0.0	EDGE boundary	1	112000
218.75	6.8	right_hand	3	112000
226.5625	0.0	EDGE boundary	1	116000
226.5625	6.8	right_hand	3	116000
234.375	0.0	EDGE boundary	1	120000
234.375	6.8	right_hand	3	120000
242.1875	0.0	EDGE boundary	1	124000
242.1875	6.8	right_hand	3	124000
250.0	0.0	EDGE boundary	1	128000
250.0	6.8	right_hand	3	128000
257.8125	0.0	EDGE boundary	1	132000
257.8125	6.8	right_hand	3	132000
265.625	0.0	EDGE boundary	1	136000
265.625	6.8	right_hand	3	136000
273.4375	0.0	EDGE boundary	1	140000
273.4375	6.8	right_hand	3	140000
281.25	0.0	EDGE boundary	1	144000
281.25	6.8	right_hand	3	144000
289.0625	0.0	EDGE boundary	1	148000
289.0625	6.8	right_hand	3	148000
296.875	0.0	EDGE boundary	1	152000
296.875	6.8	right_hand	3	152000
304.6875	0.0	EDGE boundary	1	156000
304.6875	6.8	right_hand	3	156000
