name	type	units	low_cutoff	high_cutoff	description	sampling_frequency	status	status_description
Ch1	EEG	µV	0.0	256.0	ElectroEncephaloGram	512.0	good	n/a
Ch2	EEG	µV	0.0	256.0	ElectroEncephaloGram	512.0	good	n/a
Ch3	EEG	µV	0.0	256.0	ElectroEncephaloGram	512.0	good	n/a
Ch4	EEG	µV	0.0	256.0	ElectroEncephaloGram	512.0	good	n/a
Ch5	EEG	µV	0.0	256.0	ElectroEncephaloGram	512.0	good	n/a
Ch6	EEG	µV	0.0	256.0	ElectroEncephaloGram	512.0	good	n/a
Ch7	EEG	µV	0.0	256.0	ElectroEncephaloGram	512.0	good	n/a
Ch8	EEG	µV	0.0	256.0	ElectroEncephaloGram	512.0	good	n/a
Ch9	EEG	µV	0.0	256.0	ElectroEncephaloGram	512.0	good	n/a
Ch10	EEG	µV	0.0	256.0	ElectroEncephaloGram	512.0	good	n/a
Ch11	EEG	µV	0.0	256.0	ElectroEncephaloGram	512.0	good	n/a
Ch12	EEG	µV	0.0	256.0	ElectroEncephaloGram	512.0	good	n/a
Ch13	EEG	µV	0.0	256.0	ElectroEncephaloGram	512.0	good	n/a
Ch14	EEG	µV	0.0	256.0	ElectroEncephaloGram	512.0	good	n/a
Ch15	EEG	µV	0.0	256.0	ElectroEncephaloGram	512.0	good	n/a
Ch16	EEG	µV	0.0	256.0	ElectroEncephaloGram	512.0	good	n/a
Ch17	EEG	µV	0.0	256.0	ElectroEncephaloGram	512.0	good	n/a
Ch18	EEG	µV	0.0	256.0	ElectroEncephaloGram	512.0	good	n/a
Ch19	EEG	µV	0.0	256.0	ElectroEncephaloGram	512.0	good	n/a
Ch20	EEG	µV	0.0	256.0	ElectroEncephaloGram	512.0	good	n/a
Ch21	EEG	µV	0.0	256.0	ElectroEncephaloGram	512.0	good	n/a
Ch22	EEG	µV	0.0	256.0	ElectroEncephaloGram	512.0	good	n/a
Ch23	EEG	µV	0.0	256.0	ElectroEncephaloGram	512.0	good	n/a
Ch24	EEG	µV	0.0	256.0	ElectroEncephaloGram	512.0	good	n/a
Ch25	EEG	µV	0.0	256.0	ElectroEncephaloGram	512.0	good	n/a
Ch26	EEG	µV	0.0	256.0	ElectroEncephaloGram	512.0	good	n/a
Ch27	EEG	µV	0.0	256.0	ElectroEncephaloGram	512.0	good	n/a
Ch28	EEG	µV	0.0	256.0	ElectroEncephaloGram	512.0	good	n/a
Ch29	EEG	µV	0.0	256.0	ElectroEncephaloGram	512.0	good	n/a
Ch30	EEG	µV	0.0	256.0	ElectroEncephaloGram	512.0	good	n/a
Ch31	EEG	µV	0.0	256.0	ElectroEncephaloGram	512.0	good	n/a
Ch32	EEG	µV	0.0	256.0	ElectroEncephaloGram	512.0	good	n/a
Ch33	EEG	µV	0.0	256.0	ElectroEncephaloGram	512.0	good	n/a
Ch34	EEG	µV	0.0	256.0	ElectroEncephaloGram	512.0	good	n/a
Ch35	EEG	µV	0.0	256.0	ElectroEncephaloGram	512.0	good	n/a
Ch36	EEG	µV	0.0	256.0	ElectroEncephaloGram	512.0	good	n/a
Ch37	EEG	µV	0.0	256.0	ElectroEncephaloGram	512.0	good	n/a
Ch38	EEG	µV	0.0	256.0	ElectroEncephaloGram	512.0	good	n/a
Ch39	EEG	µV	0.0	256.0	ElectroEncephaloGram	512.0	good	n/a
Ch40	EEG	µV	0.0	256.0	ElectroEncephaloGram	512.0	good	n/a
Ch41	EEG	µV	0.0	256.0	ElectroEncephaloGram	512.0	good	n/a
Ch42	EEG	µV	0.0	256.0	ElectroEncephaloGram	512.0	good	n/a
Ch43	EEG	µV	0.0	256.0	ElectroEncephaloGram	512.0	good	n/a
Ch44	EEG	µV	0.0	256.0	ElectroEncephaloGram	512.0	good	n/a
Ch45	EEG	µV	0.0	256.0	ElectroEncephaloGram	512.0	good	n/a
Ch46	EEG	µV	0.0	256.0	ElectroEncephaloGram	512.0	good	n/a
Ch47	EEG	µV	0.0	256.0	ElectroEncephaloGram	512.0	good	n/a
Ch48	EEG	µV	0.0	256.0	ElectroEncephaloGram	512.0	good	n/a
Ch49	EEG	µV	0.0	256.0	ElectroEncephaloGram	512.0	good	n/a
Ch50	EEG	µV	0.0	256.0	ElectroEncephaloGram	512.0	good	n/a
Ch51	EEG	µV	0.0	256.0	ElectroEncephaloGram	512.0	good	n/a
Ch52	EEG	µV	0.0	256.0	ElectroEncephaloGram	512.0	good	n/a
Ch53	EEG	µV	0.0	256.0	ElectroEncephaloGram	512.0	good	n/a
Ch54	EEG	µV	0.0	256.0	ElectroEncephaloGram	512.0	good	n/a
Ch55	EEG	µV	0.0	256.0	ElectroEncephaloGram	512.0	good	n/a
Ch56	EEG	µV	0.0	256.0	ElectroEncephaloGram	512.0	good	n/a
Ch57	EEG	µV	0.0	256.0	ElectroEncephaloGram	512.0	good	n/a
Ch58	EEG	µV	0.0	256.0	ElectroEncephaloGram	512.0	good	n/a
Ch59	EEG	µV	0.0	256.0	ElectroEncephaloGram	512.0	good	n/a
Ch60	EEG	µV	0.0	256.0	ElectroEncephaloGram	512.0	good	n/a
Ch61	EEG	µV	0.0	256.0	ElectroEncephaloGram	512.0	good	n/a
Ch62	EEG	µV	0.0	256.0	ElectroEncephaloGram	512.0	good	n/a
Ch63	EEG	µV	0.0	256.0	ElectroEncephaloGram	512.0	good	n/a
